,LINK_WELL_DOCUMENT,TB_COREINFORMATION,TB_DRAWINGSMAPS,TB_DRILLINGPARAMETERS,TB_FORMATIONPRESSURES,TB_FORMATIONTEMPERATURES,TB_GASANALYSIS,TB_GASFACTORS,TB_HORIZONDEPTHS,TB_INJECTIONANDPRODUCTION,TB_OILANALYSIS,TB_WATERANALYSIS,TB_WELLCONSTRUCTIONINFO,TB_WELLDOCUMENTS,TB_WELLLOGS,TB_WELLPERFORATION,TB_WELLS,TB_WELLSTOP,TB_WELLTESTINFO,TBX_SCANNEDFILES
BARCODE,True,False,False,False,False,False,False,False,False,False,False,False,False,False,False,False,False,False,False,True
WELLNAME,True,True,True,True,True,True,True,True,True,True,True,True,True,True,True,True,True,True,True,False
BARCODE_1,False,True,True,True,True,True,True,True,True,True,True,True,True,True,True,True,True,True,True,False
BARCODE_2,False,True,True,True,True,True,True,True,True,True,True,True,True,False,True,True,True,True,True,False
BARCODE_3,False,True,True,True,True,True,True,True,True,True,True,True,True,False,True,True,True,True,True,False
BARCODE_4,False,True,True,True,True,True,True,True,True,True,True,True,True,False,True,True,True,True,True,False
BARCODE_5,False,True,False,True,True,True,True,True,True,True,True,True,False,False,True,True,True,True,True,False
BARCODE_6,False,True,False,True,True,True,True,True,True,True,True,True,False,False,True,True,True,True,True,False
SOURCE,False,True,True,True,True,True,True,True,True,True,True,True,True,True,True,True,True,True,True,False
STANDARDOILFIELD,False,True,False,True,True,True,True,True,True,True,True,True,True,False,True,True,True,True,True,False
HORIZON,False,True,False,False,True,True,True,True,True,True,True,True,False,False,False,True,False,True,True,False
STANDARDHORIZON,False,True,False,False,True,True,True,True,True,True,True,True,False,False,False,True,False,True,True,False
COREINTERVALSTART,False,True,False,False,False,False,False,False,False,False,False,False,False,False,False,False,False,False,False,False
COREINTERVALEND,False,True,False,False,False,False,False,False,False,False,False,False,False,False,False,False,False,False,False,False
COMPOSITIONGREATER0_25,False,True,False,False,False,False,False,False,False,False,False,False,False,False,False,False,False,False,False,False
COMPOSITION0_25TO0_1,False,True,False,False,False,False,False,False,False,False,False,False,False,False,False,False,False,False,False,False
COMPOSITION0_1TO0_01,False,True,False,False,False,False,False,False,False,False,False,False,False,False,False,False,False,False,False,False
COMPOSITIONLESSTHAN0_01,False,True,False,False,False,False,False,False,False,False,False,False,False,False,False,False,False,False,False,False
CARBONATEPERCENTAGE,False,True,False,False,False,False,False,False,False,False,False,False,False,False,False,False,False,False,False,False
POROSITYPERCENTAGE,False,True,False,False,False,False,False,False,False,False,False,False,False,False,False,False,False,False,False,False
PERMEABILITYPERCENTAGE,False,True,False,False,False,False,False,False,False,False,False,False,False,False,False,False,False,False,False,False
WATERSATURATIONPERCENTAGE,False,True,False,False,False,False,False,False,False,False,False,False,False,False,False,False,False,False,False,False
OILSATURATIONPERCENTAGE,False,True,False,False,False,False,False,False,False,False,False,False,False,False,False,False,False,False,False,False
COMMENTS,False,True,True,True,True,True,True,True,True,True,True,True,True,True,True,True,True,True,True,False
ENTITLEMENT,False,True,True,True,True,True,True,True,True,True,True,True,True,True,True,True,True,True,True,False
PARENTBARCODE,False,False,True,False,False,False,False,False,False,False,False,False,False,False,True,False,False,False,False,False
TITLE,False,False,True,False,False,False,False,False,False,False,False,False,False,False,False,False,False,False,False,False
CATEGORY,False,False,True,False,False,False,False,False,False,False,False,False,False,False,False,False,False,False,False,False
AUTHOR,False,False,True,False,False,False,False,False,False,False,False,False,False,False,False,False,False,False,False,False
REF_NUM,False,False,True,False,False,False,False,False,False,False,False,False,False,False,False,False,False,False,False,False
CONTRACTOR,False,False,True,False,False,False,False,False,False,False,False,False,False,False,True,False,False,False,False,False
LICENSE,False,False,True,False,False,False,False,False,False,False,False,False,False,False,False,False,False,False,False,False
OILFIELD,False,False,True,False,False,False,False,False,False,False,False,False,False,False,False,False,True,False,False,False
TECTONICBLOCK,False,False,True,False,False,False,False,False,False,True,False,False,False,False,False,False,True,False,False,False
QUAD_BLOCK,False,False,True,False,False,False,False,False,False,False,False,False,False,False,False,False,False,False,False,False
REGION,False,False,True,False,False,False,False,False,False,False,False,False,False,False,False,False,False,False,False,False
PUB_DATE,False,False,True,False,False,False,False,False,False,False,False,False,False,False,False,False,False,False,False,False
PUBLISHER,False,False,True,False,False,False,False,False,False,False,False,False,False,False,False,False,False,False,False,False
MEDIA,False,False,True,False,False,False,False,False,False,False,False,False,False,False,False,False,False,False,False,False
VOLUME,False,False,True,False,False,False,False,False,False,False,False,False,False,False,False,False,False,False,False,False
ENCLOSURE,False,False,True,False,False,False,False,False,False,False,False,False,False,False,False,False,False,False,False,False
HOR_SCALE,False,False,True,False,False,False,False,False,False,False,False,False,False,False,False,False,False,False,False,False
VERT_SCALE,False,False,True,False,False,False,False,False,False,False,False,False,False,False,False,False,False,False,False,False
SURVEY_NAME,False,False,True,False,False,False,False,False,False,False,False,False,False,False,False,False,False,False,False,False
INTERVALSTART,False,False,False,True,True,False,False,True,False,False,False,False,False,False,False,False,False,False,False,False
Unnamed: 10,False,False,False,True,False,False,False,False,False,False,False,False,False,False,False,False,False,False,False,False
Unnamed: 11,False,False,False,True,False,False,False,False,False,False,False,False,False,False,False,False,False,False,False,False
Unnamed: 12,False,False,False,True,False,False,False,False,True,False,False,False,False,False,False,False,False,False,False,False
Unnamed: 13,False,False,False,True,False,False,False,False,True,False,False,False,False,False,False,False,False,False,False,False
INTERVALEND,False,False,False,True,True,False,False,True,False,False,False,False,False,False,False,False,False,False,False,False
Unnamed: 15,False,False,False,True,False,False,False,False,True,False,False,False,False,False,False,False,False,False,False,False
Unnamed: 16,False,False,False,True,False,False,False,False,False,False,False,False,False,False,False,False,False,False,False,False
Unnamed: 17,False,False,False,True,False,False,False,False,True,False,False,False,False,False,False,False,False,False,False,False
Unnamed: 18,False,False,False,True,False,False,False,False,True,False,False,False,False,False,False,False,False,False,False,False
BITTYPE,False,False,False,True,False,False,False,False,False,False,False,False,False,False,False,False,False,False,False,False
BITSIZE,False,False,False,True,False,False,False,False,False,False,False,False,False,False,False,False,False,False,False,False
DRILLINGMETHOD,False,False,False,True,False,False,False,False,False,False,False,False,False,False,False,False,False,False,False,False
HOOKLOADSTART,False,False,False,True,False,False,False,False,False,False,False,False,False,False,False,False,False,False,False,False
HOOKLOADEND,False,False,False,True,False,False,False,False,False,False,False,False,False,False,False,False,False,False,False,False
ROTARYSPEED,False,False,False,True,False,False,False,False,False,False,False,False,False,False,False,False,False,False,False,False
PUMPRATESTART,False,False,False,True,False,False,False,False,False,False,False,False,False,False,False,False,False,False,False,False
PUMPRATEEND,False,False,False,True,False,False,False,False,False,False,False,False,False,False,False,False,False,False,False,False
DENSITYINTERVALSTART,False,False,False,True,False,False,False,False,False,False,False,False,False,False,False,False,False,False,False,False
DENSITYINTERVALEND,False,False,False,True,False,False,False,False,False,False,False,False,False,False,False,False,False,False,False,False
DENSITYSTART,False,False,False,True,False,False,False,False,False,False,False,False,False,False,False,False,False,False,False,False
DENSITYEND,False,False,False,True,False,False,False,False,False,False,False,False,False,False,False,False,False,False,False,False
DENSITYUNIT,False,False,False,True,False,False,False,False,False,False,True,False,False,False,False,False,False,False,False,False
VISCOSITYSTART,False,False,False,True,False,False,False,False,False,False,False,False,False,False,False,False,False,False,False,False
VISCOSITYEND,False,False,False,True,False,False,False,False,False,False,False,False,False,False,False,False,False,False,False,False
FLUIDLOSSSTART,False,False,False,True,False,False,False,False,False,False,False,False,False,False,False,False,False,False,False,False
FLUIDLOSSEND,False,False,False,True,False,False,False,False,False,False,False,False,False,False,False,False,False,False,False,False
DRILLINGFLUIDCOMPOSITION,False,False,False,True,False,False,False,False,False,False,False,False,False,False,False,False,False,False,False,False
DRILLINGTIME,False,False,False,True,False,False,False,False,False,False,False,False,False,False,False,False,False,False,False,False
TRIPPINGTIME,False,False,False,True,False,False,False,False,False,False,False,False,False,False,False,False,False,False,False,False
COMMERCIALROP,False,False,False,True,False,False,False,False,False,False,False,False,False,False,False,False,False,False,False,False
COMPLICATIONSDEPTHSTART,False,False,False,True,False,False,False,False,False,False,False,False,False,False,False,False,False,False,False,False
Unnamed: 41,False,False,False,True,False,False,False,False,False,False,False,False,False,False,False,False,False,False,False,False
Unnamed: 42,False,False,False,True,False,False,False,False,False,False,False,False,False,False,False,False,True,False,False,False
Unnamed: 43,False,False,False,True,False,False,False,False,False,False,False,False,False,False,False,False,True,False,False,False
Unnamed: 44,False,False,False,True,False,False,False,False,False,False,False,False,False,False,False,False,True,False,False,False
COMPLICATIONSDEPTHEND,False,False,False,True,False,False,False,False,False,False,False,False,False,False,False,False,False,False,False,False
Unnamed: 46,False,False,False,True,False,False,False,False,False,False,False,False,False,False,False,False,False,False,False,False
Unnamed: 47,False,False,False,True,False,False,False,False,False,False,False,False,False,False,False,False,False,False,False,False
Unnamed: 48,False,False,False,True,False,False,False,False,False,False,False,False,False,False,False,False,False,False,False,False
Unnamed: 49,False,False,False,True,False,False,False,False,False,False,False,False,False,False,False,False,True,False,False,False
COMPLICATIONS,False,False,False,True,False,False,False,False,False,False,False,False,False,False,False,False,False,False,False,False
PREVENTIONMETHODS,False,False,False,True,False,False,False,False,False,False,False,False,False,False,False,False,False,False,False,False
DATEOFMEASUREMENT,False,False,False,False,True,True,False,False,False,False,False,False,False,False,False,False,False,False,False,False
DURATIONOFMEASUREMENT,False,False,False,False,True,False,False,False,False,False,False,False,False,False,False,False,False,False,False,False
DEPTHOFMEASUREMENT,False,False,False,False,True,False,False,False,False,False,False,False,False,False,False,False,False,False,False,False
PRESSUREREADING,False,False,False,False,True,False,False,False,False,False,False,False,False,False,False,False,False,False,False,False
PRESSUREREADINGUNIT,False,False,False,False,True,False,False,False,False,False,False,False,False,False,False,False,False,False,False,False
PRESSURELAYER,False,False,False,False,True,False,False,False,False,False,False,False,False,False,False,False,False,False,False,False
PRESSURELAYERUNIT,False,False,False,False,True,False,False,False,False,False,False,False,False,False,False,False,False,False,False,False
FORMATIONPRESSURE,False,False,False,False,True,False,False,False,False,False,False,False,False,False,False,False,False,False,False,False
POREPRESSUREGRAD,False,False,False,False,True,False,False,False,False,False,False,False,False,False,False,False,False,False,False,False
FORMATIONPRESSUREGRAD,False,False,False,False,True,False,False,False,False,False,False,False,False,False,False,False,False,False,False,False
FILTERSTART,False,False,False,False,False,True,True,False,False,False,True,False,False,False,False,False,False,False,False,False
FILTEREND,False,False,False,False,False,True,True,False,False,False,True,False,False,False,False,False,False,False,False,False
DEPTH,False,False,False,False,False,True,False,False,False,False,False,False,False,False,False,False,False,False,False,False
FORMATIONTEMPERATURE,False,False,False,False,False,True,False,False,False,False,False,False,False,False,False,False,False,False,False,False
MEASUREMENTDATE,False,False,False,False,False,False,True,True,False,True,False,True,False,False,False,False,False,False,False,False
METHANE,False,False,False,False,False,False,True,False,False,False,False,False,False,False,False,False,False,False,False,False
ETHANE,False,False,False,False,False,False,True,False,False,False,False,False,False,False,False,False,False,False,False,False
PROPANE,False,False,False,False,False,False,True,False,False,False,False,False,False,False,False,False,False,False,False,False
BUTANE,False,False,False,False,False,False,True,False,False,False,False,False,False,False,False,False,False,False,False,False
ISOBUTANE,False,False,False,False,False,False,True,False,False,False,False,False,False,False,False,False,False,False,False,False
PENTANE,False,False,False,False,False,False,True,False,False,False,False,False,False,False,False,False,False,False,False,False
CARBONDIOXIDE,False,False,False,False,False,False,True,False,False,False,False,False,False,False,False,False,False,False,False,False
OXYGEN,False,False,False,False,False,False,True,False,False,False,False,False,False,False,False,False,False,False,False,False
HYDROGEN,False,False,False,False,False,False,True,False,False,False,False,False,False,False,False,False,False,False,False,False
HEXANE,False,False,False,False,False,False,True,False,False,False,False,False,False,False,False,False,False,False,False,False
HYDROGENSULPHIDE,False,False,False,False,False,False,True,False,False,False,False,False,False,False,False,False,False,False,False,False
SPECIFICGRAVITY,False,False,False,False,False,False,True,False,False,False,False,True,False,False,False,False,False,False,False,False
SPECIFICGRAVITYUNIT,False,False,False,False,False,False,True,False,False,False,True,True,False,False,True,False,False,False,False,False
DATEPRODUCTIONSTARTED,False,False,False,False,False,False,False,True,False,False,False,False,False,False,False,False,False,False,False,False
DAILYOILPRODUCTION,False,False,False,False,False,False,False,True,False,False,False,False,False,False,False,False,False,False,False,False
DAILYGASPRODUCTION,False,False,False,False,False,False,False,True,False,False,False,False,False,False,False,False,False,False,False,False
GASFACTOR,False,False,False,False,False,False,False,True,False,False,False,False,False,False,False,False,False,False,False,False
HORIZONDEPTHTOP,False,False,False,False,False,False,False,False,True,False,False,False,False,False,False,False,False,False,False,False
Unnamed: 14,False,False,False,False,False,False,False,False,True,False,False,False,False,False,False,False,False,False,False,False
HORIZONDEPTHBOTTOM,False,False,False,False,False,False,False,False,True,False,False,False,False,False,False,False,False,False,False,False
Unnamed: 19,False,False,False,False,False,False,False,False,True,False,False,False,False,False,False,False,False,False,False,False
Unnamed: 20,False,False,False,False,False,False,False,False,True,False,False,False,False,False,False,False,False,False,False,False
FLOOR,False,False,False,False,False,False,False,False,True,False,False,False,False,False,False,False,False,False,False,False
WELLTYPE,False,False,False,False,False,False,False,False,False,True,False,False,False,False,False,False,False,False,False,False
PLATFORMS,False,False,False,False,False,False,False,False,False,True,False,False,False,False,False,False,False,False,False,False
PRODUCTIONMETHOD,False,False,False,False,False,False,False,False,False,True,False,False,False,False,False,False,False,False,True,False
OPERATIONALDAYSPERMONTH,False,False,False,False,False,False,False,False,False,True,False,False,False,False,False,False,False,False,False,False
MONTHLYOILPRODUCTION,False,False,False,False,False,False,False,False,False,True,False,False,False,False,False,False,False,False,False,False
MONTHLYWATERPRODUCTION,False,False,False,False,False,False,False,False,False,True,False,False,False,False,False,False,False,False,False,False
MONTHLYGASPRODUCTION,False,False,False,False,False,False,False,False,False,True,False,False,False,False,False,False,False,False,False,False
CONDENSATE,False,False,False,False,False,False,False,False,False,True,False,False,False,False,False,False,False,False,False,False
FREEGAS,False,False,False,False,False,False,False,False,False,True,False,False,False,False,False,False,False,False,False,False
INJECTIONDAYSPERMONTH,False,False,False,False,False,False,False,False,False,True,False,False,False,False,False,False,False,False,False,False
MONTHLYWATERINJECTION,False,False,False,False,False,False,False,False,False,True,False,False,False,False,False,False,False,False,False,False
PUMPEDAIR,False,False,False,False,False,False,False,False,False,True,False,False,False,False,False,False,False,False,False,False
PUMPEDGAS,False,False,False,False,False,False,False,False,False,True,False,False,False,False,False,False,False,False,False,False
DATEOFANALYSIS,False,False,False,False,False,False,False,False,False,False,True,False,False,False,False,False,False,False,False,False
DENSITY,False,False,False,False,False,False,False,False,False,False,True,False,False,False,False,False,False,False,False,False
VISCOSITY10DEGREES,False,False,False,False,False,False,False,False,False,False,True,False,False,False,False,False,False,False,False,False
VISCOSITY20DEGREES,False,False,False,False,False,False,False,False,False,False,True,False,False,False,False,False,False,False,False,False
VISCOSITY30DEGREES,False,False,False,False,False,False,False,False,False,False,True,False,False,False,False,False,False,False,False,False
VISCOSITY40DEGREES,False,False,False,False,False,False,False,False,False,False,True,False,False,False,False,False,False,False,False,False
VISCOSITY50DEGREES,False,False,False,False,False,False,False,False,False,False,True,False,False,False,False,False,False,False,False,False
VISCOSITY60DEGREES,False,False,False,False,False,False,False,False,False,False,True,False,False,False,False,False,False,False,False,False
VISCOSITY70DEGREES,False,False,False,False,False,False,False,False,False,False,True,False,False,False,False,False,False,False,False,False
VISCOSITY80DEGREES,False,False,False,False,False,False,False,False,False,False,True,False,False,False,False,False,False,False,False,False
VISCOSITYUNIT,False,False,False,False,False,False,False,False,False,False,True,False,False,False,True,False,False,False,False,False
LIGHTCOLOUREDFRACTION100C,False,False,False,False,False,False,False,False,False,False,True,False,False,False,False,False,False,False,False,False
LIGHTCOLOUREDFRACTION200C,False,False,False,False,False,False,False,False,False,False,True,False,False,False,False,False,False,False,False,False
LIGHTCOLOUREDFRACTION300C,False,False,False,False,False,False,False,False,False,False,True,False,False,False,False,False,False,False,False,False
LIGHTCOLOUREDFRACTION350C,False,False,False,False,False,False,False,False,False,False,True,False,False,False,False,False,False,False,False,False
LIGHTFRACTIONUNIT,False,False,False,False,False,False,False,False,False,False,True,False,False,False,False,False,False,False,False,False
PERCENTOFKEROSENE,False,False,False,False,False,False,False,False,False,False,True,False,False,False,False,False,False,False,False,False
PETROL,False,False,False,False,False,False,False,False,False,False,True,False,False,False,False,False,False,False,False,False
NAPTHA,False,False,False,False,False,False,False,False,False,False,True,False,False,False,False,False,False,False,False,False
TAR,False,False,False,False,False,False,False,False,False,False,True,False,False,False,False,False,False,False,False,False
IGNITIONTEMPERATURE,False,False,False,False,False,False,False,False,False,False,True,False,False,False,False,False,False,False,False,False
ASPHALTENE,False,False,False,False,False,False,False,False,False,False,True,False,False,False,False,False,False,False,False,False
PARAFINE,False,False,False,False,False,False,False,False,False,False,True,False,False,False,False,False,False,False,False,False
SULPHUR,False,False,False,False,False,False,False,False,False,False,True,False,False,False,False,False,False,False,False,False
WATER,False,False,False,False,False,False,False,False,False,False,True,False,False,False,False,False,False,False,False,False
SPECIFICGRAVITYKEROSENE,False,False,False,False,False,False,False,False,False,False,True,False,False,False,False,False,False,False,False,False
SPECIFICGRAVITYBENZINE,False,False,False,False,False,False,False,False,False,False,True,False,False,False,False,False,False,False,False,False
SPECIFICGRAVITYNAPHTHA,False,False,False,False,False,False,False,False,False,False,True,False,False,False,False,False,False,False,False,False
WELLDEPTHSTART,False,False,False,False,False,False,False,False,False,False,False,True,False,False,False,False,False,False,False,False
WELLDEPTHEND,False,False,False,False,False,False,False,False,False,False,False,True,False,False,False,False,False,False,False,False
SALINITY,False,False,False,False,False,False,False,False,False,False,False,True,False,False,False,False,False,False,False,False
SALINITYUNIT,False,False,False,False,False,False,False,False,False,False,False,True,False,False,False,False,False,False,False,False
SPECIFICGRAVITYMEASTEMP,False,False,False,False,False,False,False,False,False,False,False,True,False,False,False,False,False,False,False,False
PRODUCTIONOIL,False,False,False,False,False,False,False,False,False,False,False,True,False,False,False,False,False,False,False,False
PRODUCTIONWATER,False,False,False,False,False,False,False,False,False,False,False,True,False,False,False,False,False,False,False,False
PRODUCTIONPERCENT,False,False,False,False,False,False,False,False,False,False,False,True,False,False,False,False,False,False,False,False
CHLORIDEIONS,False,False,False,False,False,False,False,False,False,False,False,True,False,False,False,False,False,False,False,False
SULPHATEIONS,False,False,False,False,False,False,False,False,False,False,False,True,False,False,False,False,False,False,False,False
BICARBONATEIONS,False,False,False,False,False,False,False,False,False,False,False,True,False,False,False,False,False,False,False,False
CARBONATEIONS,False,False,False,False,False,False,False,False,False,False,False,True,False,False,False,False,False,False,False,False
NAPTHENICACID,False,False,False,False,False,False,False,False,False,False,False,True,False,False,False,False,False,False,False,False
CALCIUMIONS,False,False,False,False,False,False,False,False,False,False,False,True,False,False,False,False,False,False,False,False
MAGNESIUMIONS,False,False,False,False,False,False,False,False,False,False,False,True,False,False,False,False,False,False,False,False
IONSUNIT,False,False,False,False,False,False,False,False,False,False,False,True,False,False,False,False,False,False,False,False
CHLORIDEIONSEQIV,False,False,False,False,False,False,False,False,False,False,False,True,False,False,False,False,False,False,False,False
SULPHATEIONSEQIV,False,False,False,False,False,False,False,False,False,False,False,True,False,False,False,False,False,False,False,False
BICARBONATEIONSEQIV,False,False,False,False,False,False,False,False,False,False,False,True,False,False,False,False,False,False,False,False
CARBONATEIONSEQIV,False,False,False,False,False,False,False,False,False,False,False,True,False,False,False,False,False,False,False,False
NAPTHENICACIDEQUIV,False,False,False,False,False,False,False,False,False,False,False,True,False,False,False,False,False,False,False,False
CALCIUMIONSEQIV,False,False,False,False,False,False,False,False,False,False,False,True,False,False,False,False,False,False,False,False
MAGNESIUMIONSEQIV,False,False,False,False,False,False,False,False,False,False,False,True,False,False,False,False,False,False,False,False
SODIUMANDPOTASSIUMIONSEQIV,False,False,False,False,False,False,False,False,False,False,False,True,False,False,False,False,False,False,False,False
PALMERS1,False,False,False,False,False,False,False,False,False,False,False,True,False,False,False,False,False,False,False,False
PALMERS2,False,False,False,False,False,False,False,False,False,False,False,True,False,False,False,False,False,False,False,False
PALMERAUPPER,False,False,False,False,False,False,False,False,False,False,False,True,False,False,False,False,False,False,False,False
PALMERALOWER,False,False,False,False,False,False,False,False,False,False,False,True,False,False,False,False,False,False,False,False
TETRABORICACID,False,False,False,False,False,False,False,False,False,False,False,True,False,False,False,False,False,False,False,False
TETRABORICACIDPERCENT,False,False,False,False,False,False,False,False,False,False,False,True,False,False,False,False,False,False,False,False
IONEQUIVSUMX2,False,False,False,False,False,False,False,False,False,False,False,True,False,False,False,False,False,False,False,False
IONEQUIV,False,False,False,False,False,False,False,False,False,False,False,True,False,False,False,False,False,False,False,False
IONSEQUIVUNIT,False,False,False,False,False,False,False,False,False,False,False,True,False,False,False,False,False,False,False,False
WATERTYPE,False,False,False,False,False,False,False,False,False,False,False,True,False,False,False,False,False,False,False,False
PLANNEDCASINGINFORMATION,False,False,False,False,False,False,False,False,False,False,False,False,True,False,False,False,False,False,False,False
PLANNEDCASINGDIAMETER_1,False,False,False,False,False,False,False,False,False,False,False,False,True,False,False,False,False,False,False,False
PLANNEDCASINGDIAMETER_2,False,False,False,False,False,False,False,False,False,False,False,False,True,False,False,False,False,False,False,False
PLANNEDCASINGDIAMETER_3,False,False,False,False,False,False,False,False,False,False,False,False,True,False,False,False,False,False,False,False
PLANNEDCASINGDIAMETER_4,False,False,False,False,False,False,False,False,False,False,False,False,True,False,False,False,False,False,False,False
PLANNEDCASINGDIAMETER_5,False,False,False,False,False,False,False,False,False,False,False,False,True,False,False,False,False,False,False,False
PLANNEDCASINGDEPTHSTART,False,False,False,False,False,False,False,False,False,False,False,False,True,False,False,False,False,False,False,False
PLANNEDCASINGDEPTHEND,False,False,False,False,False,False,False,False,False,False,False,False,True,False,False,False,False,False,False,False
PLANNEDCASINGCEMENTTOTALHEIGHT,False,False,False,False,False,False,False,False,False,False,False,False,True,False,False,False,False,False,False,False
PlannedCasingType,False,False,False,False,False,False,False,False,False,False,False,False,True,False,False,False,False,False,False,False
PLANNEDCASINGNOTES,False,False,False,False,False,False,False,False,False,False,False,False,True,False,False,False,False,False,False,False
TUBETHICKNESS,False,False,False,False,False,False,False,False,False,False,False,False,True,False,False,False,False,False,False,False
STEELGRADE,False,False,False,False,False,False,False,False,False,False,False,False,True,False,False,False,False,False,False,False
ACTUALCASINGINFORMATION,False,False,False,False,False,False,False,False,False,False,False,False,True,False,False,False,False,False,False,False
ACTUALCASINGDIAMETER_1,False,False,False,False,False,False,False,False,False,False,False,False,True,False,False,False,False,False,False,False
SECTION1DESCENTDEPTH_UFAM,False,False,False,False,False,False,False,False,False,False,False,False,True,False,False,False,False,False,False,False
ACTUALCASINGDIAMETER_2,False,False,False,False,False,False,False,False,False,False,False,False,True,False,False,False,False,False,False,False
SECTION2DESCENTDEPTH_UFAM,False,False,False,False,False,False,False,False,False,False,False,False,True,False,False,False,False,False,False,False
ACTUALCASINGDIAMETER_3,False,False,False,False,False,False,False,False,False,False,False,False,True,False,False,False,False,False,False,False
SECTION3DESCENTDEPTH_UFAM,False,False,False,False,False,False,False,False,False,False,False,False,True,False,False,False,False,False,False,False
ACTUALCASINGDIAMETER_4,False,False,False,False,False,False,False,False,False,False,False,False,True,False,False,False,False,False,False,False
SECTION4DESCENTDEPTH_UFAM,False,False,False,False,False,False,False,False,False,False,False,False,True,False,False,False,False,False,False,False
ACTUALCASINGDIAMETER_5,False,False,False,False,False,False,False,False,False,False,False,False,True,False,False,False,False,False,False,False
ACTUALCASINGDEPTHSTART,False,False,False,False,False,False,False,False,False,False,False,False,True,False,False,False,False,False,False,False
Unnamed: 31,False,False,False,False,False,False,False,False,False,False,False,False,True,False,False,False,False,False,False,False
Unnamed: 32,False,False,False,False,False,False,False,False,False,False,False,False,True,False,False,False,False,False,False,False
Unnamed: 33,False,False,False,False,False,False,False,False,False,False,False,False,True,False,False,False,False,False,False,False
Unnamed: 34,False,False,False,False,False,False,False,False,False,False,False,False,True,False,False,False,False,False,False,False
ACTUALCASINGDEPTHEND,False,False,False,False,False,False,False,False,False,False,False,False,True,False,False,False,False,False,False,False
Unnamed: 36,False,False,False,False,False,False,False,False,False,False,False,False,True,False,False,False,False,False,False,False
Unnamed: 37,False,False,False,False,False,False,False,False,False,False,False,False,True,False,False,False,False,False,False,False
Unnamed: 38,False,False,False,False,False,False,False,False,False,False,False,False,True,False,False,False,False,False,False,False
Unnamed: 39,False,False,False,False,False,False,False,False,False,False,False,False,True,False,False,False,False,False,False,False
ActualCasingType,False,False,False,False,False,False,False,False,False,False,False,False,True,False,False,False,False,False,False,False
ACTUALCASINGCEMENTTOTALHEIGHT,False,False,False,False,False,False,False,False,False,False,False,False,True,False,False,False,False,False,False,False
CEMENTCONSUMPTION,False,False,False,False,False,False,False,False,False,False,False,False,True,False,False,False,False,False,False,False
GRADEOFCEMENT,False,False,False,False,False,False,False,False,False,False,False,False,True,False,False,False,False,False,False,False
ACTUALCASINGNOTES,False,False,False,False,False,False,False,False,False,False,False,False,True,False,False,False,False,False,False,False
WRCATEGORY,False,False,False,False,False,False,False,False,False,False,False,False,False,True,False,False,False,False,False,False
WRDATE,False,False,False,False,False,False,False,False,False,False,False,False,False,True,False,False,False,False,False,False
WRAUTHOR,False,False,False,False,False,False,False,False,False,False,False,False,False,True,False,False,False,False,False,False
WRMAINSUBJECT,False,False,False,False,False,False,False,False,False,False,False,False,False,True,False,False,False,False,False,False
WROTHERSUBJECT,False,False,False,False,False,False,False,False,False,False,False,False,False,True,False,False,False,False,False,False
WRQUALITY,False,False,False,False,False,False,False,False,False,False,False,False,False,True,False,False,False,False,False,False
WRMEDIUM,False,False,False,False,False,False,False,False,False,False,False,False,False,True,False,False,False,False,False,False
LOGTYPE,False,False,False,False,False,False,False,False,False,False,False,False,False,False,True,False,False,False,False,False
LOGCATEGORY,False,False,False,False,False,False,False,False,False,False,False,False,False,False,True,False,False,False,False,False
RUNDATE,False,False,False,False,False,False,False,False,False,False,False,False,False,False,True,False,False,False,False,False
RUNNUMBER,False,False,False,False,False,False,False,False,False,False,False,False,False,False,True,False,False,False,False,False
TOPLOGINTERVAL,False,False,False,False,False,False,False,False,False,False,False,False,False,False,True,False,False,False,False,False
BOTTOMLOGINTERVAL,False,False,False,False,False,False,False,False,False,False,False,False,False,False,True,False,False,False,False,False
DEPTHUNIT,False,False,False,False,False,False,False,False,False,False,False,False,False,False,True,False,False,False,False,False
SCALE_1,False,False,False,False,False,False,False,False,False,False,False,False,False,False,True,False,False,False,False,False
LOGUNITS_1,False,False,False,False,False,False,False,False,False,False,False,False,False,False,True,False,False,False,False,False
SCALE_2,False,False,False,False,False,False,False,False,False,False,False,False,False,False,True,False,False,False,False,False
LOGUNITS_2,False,False,False,False,False,False,False,False,False,False,False,False,False,False,True,False,False,False,False,False
SCALE_3,False,False,False,False,False,False,False,False,False,False,False,False,False,False,True,False,False,False,False,False
LOGUNITS_3,False,False,False,False,False,False,False,False,False,False,False,False,False,False,True,False,False,False,False,False
SCALE_4,False,False,False,False,False,False,False,False,False,False,False,False,False,False,True,False,False,False,False,False
LOGUNITS_4,False,False,False,False,False,False,False,False,False,False,False,False,False,False,True,False,False,False,False,False
SCALE_5,False,False,False,False,False,False,False,False,False,False,False,False,False,False,True,False,False,False,False,False
LOGUNITS_5,False,False,False,False,False,False,False,False,False,False,False,False,False,False,True,False,False,False,False,False
SCALE_6,False,False,False,False,False,False,False,False,False,False,False,False,False,False,True,False,False,False,False,False
LOGUNITS_6,False,False,False,False,False,False,False,False,False,False,False,False,False,False,True,False,False,False,False,False
SCALE_7,False,False,False,False,False,False,False,False,False,False,False,False,False,False,True,False,False,False,False,False
LOGUNITS_7,False,False,False,False,False,False,False,False,False,False,False,False,False,False,True,False,False,False,False,False
SCALE_8,False,False,False,False,False,False,False,False,False,False,False,False,False,False,True,False,False,False,False,False
LOGUNITS_8,False,False,False,False,False,False,False,False,False,False,False,False,False,False,True,False,False,False,False,False
DOCUMENTMEDIA,False,False,False,False,False,False,False,False,False,False,False,False,False,False,True,False,False,False,False,False
DIGITALFORMAT,False,False,False,False,False,False,False,False,False,False,False,False,False,False,True,False,False,False,False,False
DOCUMENTQUALITY,False,False,False,False,False,False,False,False,False,False,False,False,False,False,True,False,False,False,False,False
ELEVATIONREFERENCE,False,False,False,False,False,False,False,False,False,False,False,False,False,False,True,False,True,False,False,False
ALTITUDEREFERENCE,False,False,False,False,False,False,False,False,False,False,False,False,False,False,True,False,True,False,False,False
TOOLNAME,False,False,False,False,False,False,False,False,False,False,False,False,False,False,True,False,False,False,False,False
TYPEOFMUDFLUID,False,False,False,False,False,False,False,False,False,False,False,False,False,False,True,False,False,False,False,False
SPECIFICGRAVITYOFMUDFLUID,False,False,False,False,False,False,False,False,False,False,False,False,False,False,True,False,False,False,False,False
VISCOSITYOFMUDFLUID,False,False,False,False,False,False,False,False,False,False,False,False,False,False,True,False,False,False,False,False
TEMPERATURE,False,False,False,False,False,False,False,False,False,False,False,False,False,False,True,False,False,False,False,False
WELLBOTTOMDEPTH,False,False,False,False,False,False,False,False,False,False,False,False,False,False,False,True,False,False,False,False
PERFORATIONDATE,False,False,False,False,False,False,False,False,False,False,False,False,False,False,False,True,False,False,False,False
PERFORATIONINTERVALSTART,False,False,False,False,False,False,False,False,False,False,False,False,False,False,False,True,False,False,False,False
PERFORATIONINTERVALEND,False,False,False,False,False,False,False,False,False,False,False,False,False,False,False,True,False,False,False,False
PERFORATOR,False,False,False,False,False,False,False,False,False,False,False,False,False,False,False,True,False,False,False,False
NUMBEROFPERFORATIONS,False,False,False,False,False,False,False,False,False,False,False,False,False,False,False,True,False,False,False,False
PERFORATIONTOOLTYPE,False,False,False,False,False,False,False,False,False,False,False,False,False,False,False,True,False,False,False,False
PERFORATIONTOOLNUMBER,False,False,False,False,False,False,False,False,False,False,False,False,False,False,False,True,False,False,False,False
DENSITYOFSHALECOMPONENTSTART,False,False,False,False,False,False,False,False,False,False,False,False,False,False,False,True,False,False,False,False
DENSITYOFSHALECOMPONENTEND,False,False,False,False,False,False,False,False,False,False,False,False,False,False,False,True,False,False,False,False
SHALEDENSITYUNIT,False,False,False,False,False,False,False,False,False,False,False,False,False,False,False,True,False,False,False,False
PERFORATIONCOMMENTS,False,False,False,False,False,False,False,False,False,False,False,False,False,False,False,True,False,False,False,False
PERFORMEDWORKTYPE,False,False,False,False,False,False,False,False,False,False,False,False,False,False,False,True,False,False,True,False
PERFORMEDWORKCLASS,False,False,False,False,False,False,False,False,False,False,False,False,False,False,False,True,False,False,True,False
BARCODE_7,False,False,False,False,False,False,False,False,False,False,False,False,False,False,False,False,True,False,False,False
BARCODE_8,False,False,False,False,False,False,False,False,False,False,False,False,False,False,False,False,True,False,False,False
STDWELLNAME,False,False,False,False,False,False,False,False,False,False,False,False,False,False,False,False,True,False,False,False
OPERATOR,False,False,False,False,False,False,False,False,False,False,False,False,False,False,False,False,True,False,False,False
ENVIRONMENT,False,False,False,False,False,False,False,False,False,False,False,False,False,False,False,False,True,False,False,False
PRODUCTIONDEPARTMENT,False,False,False,False,False,False,False,False,False,False,False,False,False,False,False,False,True,False,False,False
SITE,False,False,False,False,False,False,False,False,False,False,False,False,False,False,False,False,True,False,False,False
RIGNAME,False,False,False,False,False,False,False,False,False,False,False,False,False,False,False,False,True,False,False,False
PLATFORMNUMBER,False,False,False,False,False,False,False,False,False,False,False,False,False,False,False,False,True,False,False,False
WELLCATEGORY,False,False,False,False,False,False,False,False,False,False,False,False,False,False,False,False,True,False,False,False
WELLPURPOSE,False,False,False,False,False,False,False,False,False,False,False,False,False,False,False,False,True,False,False,False
WELLSTATUS,False,False,False,False,False,False,False,False,False,False,False,False,False,False,False,False,True,False,False,False
ELEVATIONS,False,False,False,False,False,False,False,False,False,False,False,False,False,False,False,False,True,False,False,False
WATERDEPTH,False,False,False,False,False,False,False,False,False,False,False,False,False,False,False,False,True,False,False,False
DATEDRILLINGSTARTED,False,False,False,False,False,False,False,False,False,False,False,False,False,False,False,False,True,False,False,False
DATEDRILLINGENDED,False,False,False,False,False,False,False,False,False,False,False,False,False,False,False,False,True,False,False,False
DATECONSTRUCTIONENDED,False,False,False,False,False,False,False,False,False,False,False,False,False,False,False,False,True,False,False,False
DIRECTIONOFDRILLING,False,False,False,False,False,False,False,False,False,False,False,False,False,False,False,False,True,False,False,False
PLANNEDDEPTH,False,False,False,False,False,False,False,False,False,False,False,False,False,False,False,False,True,False,False,False
PLANNEDHORIZON,False,False,False,False,False,False,False,False,False,False,False,False,False,False,False,False,True,False,False,False
PLANNEDSTANDARDHORIZON,False,False,False,False,False,False,False,False,False,False,False,False,False,False,False,False,True,False,False,False
PLANNEDHORIZONDEPTHSTART,False,False,False,False,False,False,False,False,False,False,False,False,False,False,False,False,True,False,False,False
PLANNEDHORIZONDEPTHEND,False,False,False,False,False,False,False,False,False,False,False,False,False,False,False,False,True,False,False,False
DIRECTIONALPLANNEDAZIMUTHDEG,False,False,False,False,False,False,False,False,False,False,False,False,False,False,False,False,True,False,False,False
DIRECTIONALPLANNEDAZIMUTHMIN,False,False,False,False,False,False,False,False,False,False,False,False,False,False,False,False,True,False,False,False
DIRECTIONALPLANNEDAZIMUTH,False,False,False,False,False,False,False,False,False,False,False,False,False,False,False,False,True,False,False,False
DIRECTIONALPLANNEDDEPTH,False,False,False,False,False,False,False,False,False,False,False,False,False,False,False,False,True,False,False,False
DIRECTIONALPLANNEDDISTANCE,False,False,False,False,False,False,False,False,False,False,False,False,False,False,False,False,True,False,False,False
ACTUALDEPTH,False,False,False,False,False,False,False,False,False,False,False,False,False,False,False,False,True,False,False,False
Unnamed: 45,False,False,False,False,False,False,False,False,False,False,False,False,False,False,False,False,True,False,False,False
ACTUALHORIZON,False,False,False,False,False,False,False,False,False,False,False,False,False,False,False,False,True,False,False,False
ACTUALSTANDARDHORIZON,False,False,False,False,False,False,False,False,False,False,False,False,False,False,False,False,True,False,False,False
ACTUALHORIZONDEPTHSTART,False,False,False,False,False,False,False,False,False,False,False,False,False,False,False,False,True,False,False,False
Unnamed: 50,False,False,False,False,False,False,False,False,False,False,False,False,False,False,False,False,True,False,False,False
Unnamed: 51,False,False,False,False,False,False,False,False,False,False,False,False,False,False,False,False,True,False,False,False
Unnamed: 52,False,False,False,False,False,False,False,False,False,False,False,False,False,False,False,False,True,False,False,False
ACTUALHORIZONDEPTHEND,False,False,False,False,False,False,False,False,False,False,False,False,False,False,False,False,True,False,False,False
Unnamed: 54,False,False,False,False,False,False,False,False,False,False,False,False,False,False,False,False,True,False,False,False
Unnamed: 55,False,False,False,False,False,False,False,False,False,False,False,False,False,False,False,False,True,False,False,False
Unnamed: 56,False,False,False,False,False,False,False,False,False,False,False,False,False,False,False,False,True,False,False,False
Unnamed: 57,False,False,False,False,False,False,False,False,False,False,False,False,False,False,False,False,True,False,False,False
DIRECTIONALACTUALAZIMUTHDEG,False,False,False,False,False,False,False,False,False,False,False,False,False,False,False,False,True,False,False,False
DIRECTIONALACTUALAZIMUTHMIN,False,False,False,False,False,False,False,False,False,False,False,False,False,False,False,False,True,False,False,False
DIRECTIONALACTUALAZIMUTH,False,False,False,False,False,False,False,False,False,False,False,False,False,False,False,False,True,False,False,False
DIRECTIONALACTUALDEPTH,False,False,False,False,False,False,False,False,False,False,False,False,False,False,False,False,True,False,False,False
Unnamed: 62,False,False,False,False,False,False,False,False,False,False,False,False,False,False,False,False,True,False,False,False
Unnamed: 63,False,False,False,False,False,False,False,False,False,False,False,False,False,False,False,False,True,False,False,False
Unnamed: 64,False,False,False,False,False,False,False,False,False,False,False,False,False,False,False,False,True,False,False,False
Unnamed: 65,False,False,False,False,False,False,False,False,False,False,False,False,False,False,False,False,True,False,False,False
DIRECTIONALACTUALDISTANCE,False,False,False,False,False,False,False,False,False,False,False,False,False,False,False,False,True,False,False,False
MAXINCLINATIONDEGREES,False,False,False,False,False,False,False,False,False,False,False,False,False,False,False,False,True,False,False,False
MAXINCLINATIONMINUTES,False,False,False,False,False,False,False,False,False,False,False,False,False,False,False,False,True,False,False,False
MAXINCLINATION,False,False,False,False,False,False,False,False,False,False,False,False,False,False,False,False,True,False,False,False
MAXINCLINATIONDEPTH,False,False,False,False,False,False,False,False,False,False,False,False,False,False,False,False,True,False,False,False
Unnamed: 71,False,False,False,False,False,False,False,False,False,False,False,False,False,False,False,False,True,False,False,False
Unnamed: 72,False,False,False,False,False,False,False,False,False,False,False,False,False,False,False,False,True,False,False,False
Unnamed: 73,False,False,False,False,False,False,False,False,False,False,False,False,False,False,False,False,True,False,False,False
Unnamed: 74,False,False,False,False,False,False,False,False,False,False,False,False,False,False,False,False,True,False,False,False
DIRECTIONALELBOWDEPTH,False,False,False,False,False,False,False,False,False,False,False,False,False,False,False,False,True,False,False,False
TESTWORKSINFORMATION,False,False,False,False,False,False,False,False,False,False,False,False,False,False,False,False,True,False,False,False
DATEPRODUCTIONENDED,False,False,False,False,False,False,False,False,False,False,False,False,False,False,False,False,False,True,False,False
STOPREASONTYPE,False,False,False,False,False,False,False,False,False,False,False,False,False,False,False,False,False,True,False,False
STOPREASONCLASS,False,False,False,False,False,False,False,False,False,False,False,False,False,False,False,False,False,True,False,False
BEFOREPRODUCTIONMETHOD,False,False,False,False,False,False,False,False,False,False,False,False,False,False,False,False,False,True,False,False
BEFOREOILFLOWRATE,False,False,False,False,False,False,False,False,False,False,False,False,False,False,False,False,False,True,False,False
BEFOREWATERFLOWRATE,False,False,False,False,False,False,False,False,False,False,False,False,False,False,False,False,False,True,False,False
BEFOREGASFLOWRATE,False,False,False,False,False,False,False,False,False,False,False,False,False,False,False,False,False,True,False,False
BEFORECONDENSATEFLOWRATE,False,False,False,False,False,False,False,False,False,False,False,False,False,False,False,False,False,True,False,False
BEFOREFREEGASFLOWRATE,False,False,False,False,False,False,False,False,False,False,False,False,False,False,False,False,False,True,False,False
BEFOREVOLUMEOFPUMPED,False,False,False,False,False,False,False,False,False,False,False,False,False,False,False,False,False,True,False,False
BEFOREVOLUMEOFPUMPEDGAS,False,False,False,False,False,False,False,False,False,False,False,False,False,False,False,False,False,True,False,False
BEFOREVOLUMEOFPUMPEDAIR,False,False,False,False,False,False,False,False,False,False,False,False,False,False,False,False,False,True,False,False
DIAMETEROFFIRSTCHOKE,False,False,False,False,False,False,False,False,False,False,False,False,False,False,False,False,False,True,True,False
DIAMETEROFSECONDCHOKE,False,False,False,False,False,False,False,False,False,False,False,False,False,False,False,False,False,True,True,False
DIAMETEROFTHIRDCHOKE,False,False,False,False,False,False,False,False,False,False,False,False,False,False,False,False,False,True,True,False
BUFFERPRESSURESTART,False,False,False,False,False,False,False,False,False,False,False,False,False,False,False,False,False,True,True,False
BUFFERPRESSUREEND,False,False,False,False,False,False,False,False,False,False,False,False,False,False,False,False,False,True,True,False
BUFFERPRESSUREUNIT,False,False,False,False,False,False,False,False,False,False,False,False,False,False,False,False,False,True,True,False
PRESSUREBEHINDPIPESTART,False,False,False,False,False,False,False,False,False,False,False,False,False,False,False,False,False,True,True,False
PRESSUREBEHINDPIPEEND,False,False,False,False,False,False,False,False,False,False,False,False,False,False,False,False,False,True,True,False
PRESSUREBEHINDPIPEUNIT,False,False,False,False,False,False,False,False,False,False,False,False,False,False,False,False,False,True,True,False
CIRCULARPRESSURESTART,False,False,False,False,False,False,False,False,False,False,False,False,False,False,False,False,False,True,True,False
CIRCULARPRESSUREEND,False,False,False,False,False,False,False,False,False,False,False,False,False,False,False,False,False,True,True,False
CIRCULARPRESSUREUNIT,False,False,False,False,False,False,False,False,False,False,False,False,False,False,False,False,False,True,True,False
EVENTDATE,False,False,False,False,False,False,False,False,False,False,False,False,False,False,False,False,False,False,True,False
OILFLOWRATE,False,False,False,False,False,False,False,False,False,False,False,False,False,False,False,False,False,False,True,False
WATERFLOWRATE,False,False,False,False,False,False,False,False,False,False,False,False,False,False,False,False,False,False,True,False
GASFLOWRATE,False,False,False,False,False,False,False,False,False,False,False,False,False,False,False,False,False,False,True,False
CONDENSATEFLOWRATE,False,False,False,False,False,False,False,False,False,False,False,False,False,False,False,False,False,False,True,False
FREEGASFLOWRATE,False,False,False,False,False,False,False,False,False,False,False,False,False,False,False,False,False,False,True,False
VOLUMEOFPUMPED,False,False,False,False,False,False,False,False,False,False,False,False,False,False,False,False,False,False,True,False
VOLUMEOFPUMPEDGAS,False,False,False,False,False,False,False,False,False,False,False,False,False,False,False,False,False,False,True,False
INITIALVOLUMEOFPUMPEDAIR,False,False,False,False,False,False,False,False,False,False,False,False,False,False,False,False,False,False,True,False
CHAPTER,False,False,False,False,False,False,False,False,False,False,False,False,False,False,False,False,False,False,False,True
CHAPTERTITLE,False,False,False,False,False,False,False,False,False,False,False,False,False,False,False,False,False,False,False,True
FILENAME,False,False,False,False,False,False,False,False,False,False,False,False,False,False,False,False,False,False,False,True
LINKTYPE,False,False,False,False,False,False,False,False,False,False,False,False,False,False,False,False,False,False,False,True
